song,start ,finish,member
dear_my_darling,0:08,0:22,Sungho
dear_my_darling,0:23,0:36,Riwoo
dear_my_darling,0:37,0:51,Jaehyun
dear_my_darling,0:52,1:07,Woonhak
dear_my_darling,1:08,1:20,Leehan
dear_my_darling,1:21,1:37,Taesan
123_78_,0:14,0:20,Jaehyun
123_78_,0:21,0:27,Leehan
123_78_,0:28,0:37,Sungho
123_78_,0:38,0:42,Riwoo
123_78_,0:43,0:44,Leehan
123_78_,0:45,0:51,Woonhak
123_78_,0:52,0:58,Taesan
123_78_,0:59,1:10,Riwoo
123_78_,1:11,1:19,Woonhak
123_78_,1:20,1:23,Jaehyun
123_78_,1:24,1:33,Sungho
123_78_,1:34,1:37,Leehan
123_78_,1:38,1:40,Jaehyun
123_78_,1:41,1:47,Riwoo
123_78_,1:48,1:54,Taesan
123_78_,1:55,2:05,Jaehyun
123_78_,2:23,2:29,Leehan
123_78_,2:30,2:35,Sungho
reality,0:21,3:04,Taesan
iktoy,0:13,2:20,Taesan
smart,0:08,1:13,Jaehyun
sway,0:15,1:48,Leehan
ttte,0:08,1:00,Sungho
winner,0:00,1:23,Woonhak
darling,0:08,1:14,Riwoo
